{
  "children": [
    {
      "type": "layer",
      "visible": true,
      "opacity": 1,
      "blendingMode": "normal",
      "name": "Vector Layer 1",
      "left": 803,
      "right": 1754,
      "top": 821,
      "bottom": 889,
      "height": 68,
      "width": 951,
      "mask": {},
      "image": {},
      "id": 0
    },
    {
      "type": "group",
      "visible": true,
      "opacity": 1,
      "blendingMode": "normal",
      "name": "Group 3",
      "left": 2401,
      "right": 4223,
      "top": 122,
      "bottom": 1381,
      "height": 1259,
      "width": 1822,
      "children": [
        {
          "type": "layer",
          "visible": true,
          "opacity": 1,
          "blendingMode": "normal",
          "name": "Paint Layer 4",
          "left": 3992,
          "right": 4223,
          "top": 122,
          "bottom": 268,
          "height": 146,
          "width": 231,
          "mask": {},
          "image": {},
          "id": 1
        },
        {
          "type": "layer",
          "visible": true,
          "opacity": 1,
          "blendingMode": "normal",
          "name": "Paint Layer 2",
          "left": 2401,
          "right": 3187,
          "top": 416,
          "bottom": 1381,
          "height": 965,
          "width": 786,
          "mask": {
            "top": 0,
            "left": 0,
            "bottom": 4300,
            "right": 4742,
            "width": 4742,
            "height": 4300,
            "defaultColor": 255,
            "relative": false,
            "disabled": false,
            "invert": false
          },
          "image": {},
          "id": 2
        }
      ]
    },
    {
      "type": "layer",
      "visible": true,
      "opacity": 1,
      "blendingMode": "normal",
      "name": "Paint Layer 1",
      "left": 1755,
      "right": 2068,
      "top": 1463,
      "bottom": 2007,
      "height": 544,
      "width": 313,
      "mask": {},
      "image": {},
      "id": 3
    },
    {
      "type": "layer",
      "visible": true,
      "opacity": 1,
      "blendingMode": "normal",
      "name": "Background",
      "left": 0,
      "right": 4500,
      "top": 0,
      "bottom": 4300,
      "height": 4300,
      "width": 4500,
      "mask": {},
      "image": {},
      "id": 4
    }
  ],
  "document": {
    "width": 4500,
    "height": 4300,
    "resources": {
      "layerComps": [],
      "resolutionInfo": {
        "h_res": 700,
        "h_res_unit": 1,
        "width_unit": 1,
        "v_res": 700,
        "v_res_unit": 1,
        "height_unit": 1
      },
      "slices": []
    }
  }
}